g,z,Qz_numeric
1.000000000000000056e-01,6.556266383507755258e+00,6.446646480533502199e+01
1.155555555555555641e-01,6.381070102813421130e+00,5.392066062235300450e+01
1.311111111111111227e-01,6.214859407477681508e+00,4.593018552405680310e+01
1.466666666666666674e-01,6.056723348869070378e+00,3.968050149225632595e+01
1.622222222222222121e-01,5.905891474498704774e+00,3.466938556151433204e+01
1.777777777777777846e-01,5.761706452809854717e+00,3.057035516000894049e+01
1.933333333333333293e-01,5.623603106051305645e+00,2.716200442520743863e+01
2.088888888888889017e-01,5.491092124179634659e+00,2.428890070227395981e+01
2.244444444444444464e-01,5.363747253853667907e+00,2.183873392809232072e+01
2.399999999999999911e-01,5.241195104986038800e+00,1.972834754653263190e+01
2.555555555555555358e-01,5.123106954962593385e+00,1.789486808299045606e+01
2.711111111111110805e-01,5.009192095702934999e+00,1.628988665736130770e+01
2.866666666666666252e-01,4.899192385286820439e+00,1.487553367347515909e+01
3.022222222222222254e-01,4.792877749416219579e+00,1.362176506525258723e+01
3.177777777777777701e-01,4.690042438702316296e+00,1.250444514617754344e+01
3.333333333333333703e-01,4.590501892464925682e+00,1.150396604785441745e+01
3.488888888888889150e-01,4.494090093029744715e+00,1.060423633063578563e+01
3.644444444444444597e-01,4.400657319593801020e+00,9.791928597024934788e+00
3.800000000000000044e-01,4.310068229828878827e+00,9.055911874966682262e+00
3.955555555555555491e-01,4.222200212085557069e+00,8.386817987826589160e+00
4.111111111111110938e-01,4.136941962478536183e+00,7.776706405238086539e+00
4.266666666666666385e-01,4.054192250098769712e+00,7.218802482711338619e+00
4.422222222222221832e-01,3.973858840713690110e+00,6.707291001362135852e+00
4.577777777777777279e-01,3.895857555031311037e+00,6.237151892918290308e+00
4.733333333333332726e-01,3.820111442256602707e+00,5.804028426226181203e+00
4.888888888888889284e-01,3.746550053517509138e+00,5.404120640761789218e+00
5.044444444444444731e-01,3.675108802987770318e+00,5.034098581191415178e+00
5.200000000000000178e-01,3.605728407348369302e+00,4.691031204018258904e+00
5.355555555555555625e-01,3.538354396749947561e+00,4.372327744306403474e+00
5.511111111111111072e-01,3.472936692792937041e+00,4.075689120952574740e+00
5.666666666666666519e-01,3.409429251358920165e+00,3.799067443566172653e+00
5.822222222222221966e-01,3.347789770548280863e+00,3.540632105014651199e+00
5.977777777777777413e-01,3.287979466679828544e+00,3.298741288659811755e+00
6.133333333333332860e-01,3.229962924518755329e+00,3.071917909380772027e+00
6.288888888888888307e-01,3.173708031945421837e+00,2.858829261143113865e+00
6.444444444444443754e-01,3.119186014636820214e+00,2.658269741928620533e+00
6.599999999999999201e-01,3.066371593730079947e+00,2.469146164685298572e+00
6.755555555555554648e-01,3.015243299999721405e+00,2.290465263143914854e+00
6.911111111111111205e-01,2.965783993603627433e+00,2.121323090165105896e+00
7.066666666666666652e-01,2.917981661859206266e+00,1.960896041452997229e+00
7.222222222222222099e-01,2.871830603676867710e+00,1.808433349026472348e+00
7.377777777777777546e-01,2.827333166536794007e+00,1.663250932892878842e+00
7.533333333333332993e-01,2.784502294892871266e+00,1.524726571133782960e+00
7.688888888888888440e-01,2.743365304131841764e+00,1.392296476154797125e+00
7.844444444444443887e-01,2.703969561284827794e+00,1.265453543553007876e+00
7.999999999999999334e-01,2.666391228716932904e+00,1.143747771337189079e+00
8.155555555555554781e-01,2.630749103983752057e+00,1.026789922420334733e+00
8.311111111111110228e-01,2.597227276899945814e+00,9.142604753265003437e-01
8.466666666666665675e-01,2.566113728030072316e+00,8.059279302585763416e-01
8.622222222222222232e-01,2.537869215880073526e+00,7.016850990027022617e-01
8.777777777777777679e-01,2.513256994408116451e+00,6.016225015059717407e-01
8.933333333333333126e-01,2.493602187812991922e+00,5.061845062215297730e-01
9.088888888888888573e-01,2.481343214874232928e+00,4.165248473242399441e-01
9.244444444444444020e-01,2.481253796709191661e+00,3.353721226062589267e-01
9.399999999999999467e-01,2.502981752128311310e+00,2.691491374662291491e-01
9.404651162790697017e-01,2.504128956135779127e+00,2.675196093093745731e-01
9.409302325581394566e-01,2.505311397052637279e+00,2.659156791651184903e-01
9.413953488372092115e-01,2.506529661889913108e+00,2.643378682165575810e-01
9.418604651162789665e-01,2.507784340221096642e+00,2.627867086602009294e-01
9.423255813953488325e-01,2.509076023561132018e+00,2.612627383768995060e-01
9.427906976744185874e-01,2.510405304707200802e+00,2.597665037740171101e-01
9.432558139534883423e-01,2.511772777034621651e+00,2.582985580090735311e-01
9.437209302325580973e-01,2.513179033749508129e+00,2.568594617002872837e-01
9.441860465116278522e-01,2.514624667092079768e+00,2.554497804396760330e-01
9.446511627906976072e-01,2.516110267500786701e+00,2.540700876352275372e-01
9.451162790697673621e-01,2.517636422725625156e+00,2.527209645108996483e-01
9.455813953488371171e-01,2.519203716898680945e+00,2.514029922906502179e-01
9.460465116279069830e-01,2.520812729559114729e+00,2.501167614354926627e-01
9.465116279069767380e-01,2.522464034634006147e+00,2.488628641827972110e-01
9.469767441860464929e-01,2.524158199376424161e+00,2.476418973884619568e-01
9.474418604651162479e-01,2.525895783259761274e+00,2.464544611058272217e-01
9.479069767441860028e-01,2.527677336836824384e+00,2.453011564540474587e-01
9.483720930232557578e-01,2.529503400555047854e+00,2.441825877497194319e-01
9.488372093023255127e-01,2.531374503541222509e+00,2.430993585988971695e-01
9.493023255813952677e-01,2.533291162350399084e+00,2.420520722523633317e-01
9.497674418604650226e-01,2.535253879689118417e+00,2.410413316056292110e-01
9.502325581395348886e-01,2.537263143110806585e+00,2.400677406200202035e-01
9.506976744186046435e-01,2.539319423691768662e+00,2.391318940198061405e-01
9.511627906976743985e-01,2.541423174690150333e+00,2.382343897266991639e-01
9.516279069767441534e-01,2.543574830194569092e+00,2.373758146489990117e-01
9.520930232558139084e-01,2.545774803765784799e+00,2.365567556950054218e-01
9.525581395348836633e-01,2.548023487080874894e+00,2.357777880490629918e-01
9.530232558139534182e-01,2.550321248583350187e+00,2.350394819217171694e-01
9.534883720930231732e-01,2.552668432142754629e+00,2.343423957995582618e-01
9.539534883720929281e-01,2.555065355741605426e+00,2.336870814190205869e-01
9.544186046511627941e-01,2.557512310183643223e+00,2.330740752398696436e-01
9.548837209302325491e-01,2.560009557840244643e+00,2.325039041295439979e-01
9.553488372093023040e-01,2.562557331437567587e+00,2.319770793235420292e-01
9.558139534883720589e-01,2.565155832894126409e+00,2.314940982017787696e-01
9.562790697674418139e-01,2.567805232217193367e+00,2.310554407358722251e-01
9.567441860465115688e-01,2.570505666462520544e+00,2.306615719760429506e-01
9.572093023255813238e-01,2.573257238768642541e+00,2.303129335246012210e-01
9.576744186046510787e-01,2.576060017470071184e+00,2.300099534835453319e-01
9.581395348837209447e-01,2.578914035298142338e+00,2.297530354411491949e-01
9.586046511627906996e-01,2.581819288676275637e+00,2.295425616694046489e-01
9.590697674418604546e-01,2.584775737112349425e+00,2.293788924134787244e-01
9.595348837209302095e-01,2.587783302699202093e+00,2.292623648258995395e-01
9.599999999999999645e-01,2.590841869726602020e+00,2.291932904796567250e-01
9.604651162790697194e-01,2.593951284403353874e+00,2.291719550129300564e-01
9.609302325581394744e-01,2.597111354702280828e+00,2.291986184843608221e-01
9.613953488372092293e-01,2.600321850324707196e+00,2.292735139519663512e-01
9.618604651162789843e-01,2.603582502788039932e+00,2.293968446309690712e-01
9.623255813953488502e-01,2.606893005638230676e+00,2.295687902886811294e-01
9.627906976744186052e-01,2.610253014786080517e+00,2.297894965863633565e-01
9.632558139534883601e-01,2.613662148968101118e+00,2.300590846715521998e-01
9.637209302325581151e-01,2.617119990328642398e+00,2.303776422962755255e-01
9.641860465116278700e-01,2.620626085121349647e+00,2.307452302119372411e-01
9.646511627906976249e-01,2.624179944529925645e+00,2.311618771955181451e-01
9.651162790697673799e-01,2.627781045594242748e+00,2.316275853786464445e-01
9.655813953488371348e-01,2.631428832249938843e+00,2.321423242079845017e-01
9.660465116279068898e-01,2.635122716465038817e+00,2.327060332873997772e-01
9.665116279069767558e-01,2.638862079470439603e+00,2.333186245095930367e-01
9.669767441860465107e-01,2.642646273082085440e+00,2.339799806350128797e-01
9.674418604651162656e-01,2.646474621094811130e+00,2.346899549365843718e-01
9.679069767441860206e-01,2.650346420754793542e+00,2.354483701338949408e-01
9.683720930232557755e-01,2.654260944290663282e+00,2.362550272749785740e-01
9.688372093023255305e-01,2.658217440499263784e+00,2.371096933018179420e-01
9.693023255813952854e-01,2.662215136376972602e+00,2.380121141953850106e-01
9.697674418604650404e-01,2.666253238786135071e+00,2.389620068043995793e-01
9.702325581395349063e-01,1.594307235559133895e+00,1.385776400297799964e-02
9.702325581395349063e-01,1.640354550345176854e+00,-1.310116459762866552e-02
9.702325581395349063e-01,2.670330936148587408e+00,2.399590670165707429e-01
9.706976744186046613e-01,1.538340079866890031e+00,5.011838126733891147e-02
9.706976744186046613e-01,1.693686317716981637e+00,-4.149018408838855976e-02
9.706976744186046613e-01,2.674447400156942489e+00,2.410029605215413262e-01
9.711627906976744162e-01,1.507517877926779493e+00,7.187742880887526553e-02
9.711627906976744162e-01,1.721833788001368548e+00,-5.542250640644396514e-02
9.711627906976744162e-01,2.678601787495384023e+00,2.420933377322853353e-01
9.716279069767441712e-01,1.483398085799450650e+00,8.984932797773124979e-02
9.716279069767441712e-01,1.743240363776528579e+00,-6.561214043188101641e-02
9.716279069767441712e-01,2.682793241560073039e+00,2.432298220611528172e-01
9.720930232558139261e-01,1.462868542043367359e+00,1.058252465213627008e-01
9.720930232558139261e-01,1.761019076694767982e+00,-7.384982865232814220e-02
9.720930232558139261e-01,2.687020894172487573e+00,2.444120166700258501e-01
9.725581395348836811e-01,1.444673726121461055e+00,1.205224851474895192e-01
9.725581395348836811e-01,1.776426327375832948e+00,-8.085242164668215992e-02
9.725581395348836811e-01,2.691283867277467046e+00,2.456395058914040141e-01
9.730232558139534360e-01,1.428156605066525309e+00,1.343138364973128773e-01
9.730232558139534360e-01,1.790120037068791081e+00,-8.699224451902408395e-02
9.730232558139534360e-01,2.695581274617200762e+00,2.469118555836757600e-01
9.734883720930231910e-01,1.412921808864554984e+00,1.474221491548632912e-01
9.734883720930231910e-01,1.802496470622844793e+00,-9.249165984215322600e-02
9.734883720930231910e-01,2.699912223376923492e+00,2.482286099336760976e-01
9.739534883720930569e-01,1.398709320837706827e+00,1.599930442353070248e-01
9.739534883720930569e-01,1.813816544495612026e+00,-9.749578531170753626e-02
9.739534883720930569e-01,2.704275815792928750e+00,2.495893031806417361e-01
9.744186046511628119e-01,1.385337215779887554e+00,1.721277762101180719e-01
9.744186046511628119e-01,1.824263087051386956e+00,-1.021053577687780350e-01
9.744186046511628119e-01,2.708671150719454968e+00,2.509934471817132362e-01
9.748837209302325668e-01,1.372672242871293191e+00,1.839000631775888628e-01
9.748837209302325668e-01,1.833970254127262889e+00,-1.063935634704193806e-01
9.748837209302325668e-01,2.713097325147236116e+00,2.524405434911614066e-01
9.753488372093023218e-01,1.360613296687354756e+00,1.953655122122199550e-01
9.753488372093023218e-01,1.843040056557790018e+00,-1.104154616626828872e-01
9.753488372093023218e-01,2.717553435672219297e+00,2.539300790971310562e-01
9.758139534883720767e-01,1.349081479036797093e+00,2.065672674689267019e-01
9.758139534883720767e-01,1.851552296922948315e+00,-1.142136390797077045e-01
9.758139534883720767e-01,2.722038579904757949e+00,2.554615271321836190e-01
9.762790697674418317e-01,1.338013797358938328e+00,2.175395859893569372e-01
9.762790697674418317e-01,1.859570869804592075e+00,-1.178217821973248508e-01
9.762790697674418317e-01,2.726551857822197444e+00,2.570343536234531712e-01
9.767441860465115866e-01,1.327358993799342635e+00,2.283101913747031808e-01
9.767441860465115866e-01,1.867147931417877604e+00,-1.212670348138544657e-01
9.767441860465115866e-01,2.731092373056678291e+00,2.586480103872190739e-01
9.772093023255813415e-01,1.317074685034267612e+00,2.389018892046123888e-01
9.772093023255813415e-01,1.874326758563589213e+00,-1.245716120479300887e-01
9.772093023255813415e-01,2.735659234119867111e+00,2.603019421343333306e-01
9.776744186046510965e-01,1.307125341710384525e+00,2.493336964448644444e-01
9.776744186046510965e-01,1.881143768032691899e+00,-1.277539357857904179e-01
9.776744186046510965e-01,2.740251555560530683e+00,2.619955843385923799e-01
9.781395348837209625e-01,1.297480824377124531e+00,2.596216667427597713e-01
9.781395348837209625e-01,1.887629979583827833e+00,-1.308294535817822180e-01
9.781395348837209625e-01,2.744868459052284937e+00,2.637283682105362459e-01
9.786046511627907174e-01,1.288115299180876860e+00,2.697794933226305147e-01
9.786046511627907174e-01,1.893812099229276180e+00,-1.338112486592990535e-01
9.786046511627907174e-01,2.749509074414115073e+00,2.654997150131066519e-01
9.790697674418604723e-01,1.279006419352011203e+00,2.798189658648198019e-01
9.790697674418604723e-01,1.899713336796649443e+00,-1.367104943028607522e-01
9.790697674418604723e-01,2.754172540562206173e+00,2.673090438776171140e-01
9.795348837209302273e-01,1.270134696873971514e+00,2.897503200927076250e-01
9.795348837209302273e-01,1.905354033378053424e+00,-1.395368059320389875e-01
9.795348837209302273e-01,2.758858006392094442e+00,2.691557686063106303e-01
9.799999999999999822e-01,1.261483012913673152e+00,2.995825035156940430e-01
9.799999999999999822e-01,1.910752150085919476e+00,-1.422985103971541321e-01
9.799999999999999822e-01,2.763564631590898824e+00,2.710392994487165197e-01
9.804651162790697372e-01,1.253036231265134193e+00,3.093233981843468428e-01
9.804651162790697372e-01,1.915923653863951470e+00,-1.450028609184528250e-01
9.804651162790697372e-01,2.768291587383613361e+00,2.729590455885499978e-01
9.809302325581394921e-01,1.244780889464505158e+00,3.189799830494166599e-01
9.809302325581394921e-01,1.920882825692920237e+00,-1.476562093927213937e-01
9.809302325581394921e-01,2.773038057213004670e+00,2.749144130120839691e-01
9.813953488372092471e-01,1.236704949291621114e+00,3.285584728729418202e-01
9.813953488372092471e-01,1.925642509474695840e+00,-1.502641438833052234e-01
9.813953488372092471e-01,2.777803237352760579e+00,2.769048073503199703e-01
9.818604651162790020e-01,1.228797593257117571e+00,3.380644333361715326e-01
9.818604651162790020e-01,1.930214314994549651e+00,-1.528315980436900645e-01
9.818604651162790020e-01,2.782586337458649695e+00,2.789296349448022738e-01
9.823255813953488680e-01,1.221049057108351876e+00,3.475028659494227568e-01
9.823255813953488680e-01,1.934608784925855751e+00,-1.553629488171281992e-01
9.823255813953488680e-01,2.787386581058062252e+00,2.809883017818037843e-01
9.827906976744186229e-01,1.213450490847503671e+00,3.568782890539523023e-01
9.827906976744186229e-01,1.938835533381791487e+00,-1.578620853592838102e-01
9.827906976744186229e-01,2.792203205980315683e+00,2.830802152686828776e-01
9.832558139534883779e-01,1.205993842536424943e+00,3.661947996391745064e-01
9.832558139534883779e-01,1.942903361736771695e+00,-1.603324790266924538e-01
9.832558139534883779e-01,2.797035464729381360e+00,2.852047856549688731e-01
9.837209302325581328e-01,1.198671760476538006e+00,3.754561234359243271e-01
9.837209302325581328e-01,1.946820356128757812e+00,-1.627772348911094014e-01
9.837209302325581328e-01,2.801882624803235355e+00,2.873614246112765613e-01
9.841860465116278878e-01,1.191477510326692579e+00,3.846656646544487912e-01
9.841860465116278878e-01,1.950593970073963623e+00,-1.651991354378878896e-01
9.841860465116278878e-01,2.806743968960074831e+00,2.895495470056630438e-01
9.846511627906976427e-01,1.184404904458477015e+00,3.938265404457296781e-01
9.846511627906976427e-01,1.954231094894504306e+00,-1.676006821327291618e-01
9.846511627906976427e-01,2.811618795435836926e+00,2.917685705483563652e-01
9.851162790697673977e-01,1.177448241407080598e+00,4.029416146522634690e-01
9.851162790697673977e-01,1.957738120097314960e+00,-1.699841252644773426e-01
9.851162790697673977e-01,2.816506418114411936e+00,2.940179196997405597e-01
9.855813953488371526e-01,1.170602253705683271e+00,4.120135230323284659e-01
9.855813953488371526e-01,1.961120985413265405e+00,-1.723514937879144504e-01
9.855813953488371526e-01,2.821406166654174097e+00,2.962970192754710297e-01
9.860465116279069075e-01,1.163862062724710267e+00,4.210447048791365332e-01
9.860465116279069075e-01,1.964385225873302776e+00,-1.747046219691128222e-01
9.860465116279069075e-01,2.826317386572473112e+00,2.986053019071732706e-01
9.865116279069767735e-01,1.157223139398176448e+00,4.300374143895168699e-01
9.865116279069767735e-01,1.967536011036659982e+00,-1.770451675042749862e-01
9.865116279069767735e-01,2.831239439291561855e+00,3.009422055555432962e-01
9.869767441860465285e-01,1.150681269920704519e+00,4.389937448223690253e-01
9.869767441860465285e-01,1.970578179282125530e+00,-1.793746314149302357e-01
9.869767441860465285e-01,2.836171702148478246e+00,3.033071724445335349e-01
9.874418604651162834e-01,1.144232525674618195e+00,4.479156437753317177e-01
9.874418604651162834e-01,1.973516267909392496e+00,-1.816943722587893439e-01
9.874418604651162834e-01,2.841113568369983966e+00,3.056996515482524046e-01
9.879069767441860384e-01,1.137873236751881123e+00,4.568049263298234464e-01
9.879069767441860384e-01,1.976354539668035537e+00,-1.840056249591270621e-01
9.879069767441860384e-01,2.846064447017785604e+00,3.081190968146074738e-01
9.883720930232557933e-01,1.131599968571378234e+00,4.656632867749976312e-01
9.883720930232557933e-01,1.979097006227052313e+00,-1.863095103971090516e-01
9.883720930232557933e-01,2.851023762905906089e+00,3.105649700074764041e-01
9.888372093023255482e-01,1.125409501151370950e+00,4.744923117527832246e-01
9.888372093023255482e-01,1.981747449011676432e+00,-1.886070450041188173e-01
9.888372093023255482e-01,2.855990956487250987e+00,3.130367389303501113e-01
9.893023255813953032e-01,1.119298810680930956e+00,4.832934866527693329e-01
9.893023255813953032e-01,1.984309437767408868e+00,-1.908991560384265262e-01
9.893023255813953032e-01,2.860965483720743663e+00,3.155338774263327650e-01
9.897674418604650581e-01,1.113265053083765777e+00,4.920682076914317249e-01
9.897674418604650581e-01,1.986786347152683430e+00,-1.931866830062744789e-01
9.897674418604650581e-01,2.865946815914279355e+00,3.180558696413982034e-01
9.902325581395349241e-01,1.107305549317314064e+00,5.008177858201179333e-01
9.902325581395349241e-01,1.989181371615892813e+00,-1.954703915174604567e-01
9.902325581395349241e-01,2.870934439548267658e+00,3.206022014978771040e-01
9.906976744186046790e-01,1.101417772188411304e+00,5.095434588042735413e-01
9.906976744186046790e-01,1.991497538774488429e+00,-1.977509782591368726e-01
9.906976744186046790e-01,2.875927856081138767e+00,3.231723717078693880e-01
9.911627906976744340e-01,1.095599334497603383e+00,5.182463919339852509e-01
9.911627906976744340e-01,1.993737721481291469e+00,-2.000290759696099208e-01
9.911627906976744340e-01,2.880926581738961101e+00,3.257658839572741272e-01
9.916279069767441889e-01,1.089847978351331959e+00,5.269276861952221225e-01
9.916279069767441889e-01,1.995904648736007703e+00,-2.023052623201237743e-01
9.916279069767441889e-01,2.885930147291110970e+00,3.283822486821463826e-01
9.920930232558139439e-01,1.084161565505099123e+00,5.355883839541775160e-01
9.920930232558139439e-01,1.998000915579291714e+00,-2.045800602701319526e-01
9.920930232558139439e-01,2.890938097813281704e+00,3.310209848450540449e-01
9.925581395348836988e-01,1.078538068619858681e+00,5.442294714441686665e-01
9.925581395348836988e-01,2.000028992086452018e+00,-2.068539465938101507e-01
9.925581395348836988e-01,2.895949992438424658e+00,3.336816199350778334e-01
9.930232558139534538e-01,1.072975563319789272e+00,5.528518844499785700e-01
9.930232558139534538e-01,2.001991231561699003e+00,-2.091273557880412859e-01
9.930232558139534538e-01,2.900965404103544198e+00,3.363636881914544574e-01
9.934883720930232087e-01,1.067472220977941477e+00,5.614565125711123983e-01
9.934883720930232087e-01,2.003889878022897530e+00,-2.114006814935009693e-01
9.934883720930232087e-01,2.905983919278349425e+00,3.390667316693907196e-01
9.939534883720930747e-01,1.062026302134715383e+00,5.700441995770688663e-01
9.939534883720930747e-01,2.005727073051786213e+00,-2.136742800473711845e-01
9.939534883720930747e-01,2.911005137698909007e+00,3.417902988189779889e-01
9.944186046511628296e-01,1.056636150494240312e+00,5.786157494469534868e-01
9.944186046511628296e-01,2.007504862077675423e+00,-2.159484772334962777e-01
9.944186046511628296e-01,2.916028672087674689e+00,3.445339505248056766e-01
9.948837209302325846e-01,1.051300187425202814e+00,5.871719270800213053e-01
9.948837209302325846e-01,2.009225200153145874e+00,-2.182235675718402212e-01
9.948837209302325846e-01,2.921054147873209050e+00,3.472972487372771311e-01
9.953488372093023395e-01,1.046016906931416912e+00,5.957134654011042585e-01
9.953488372093023395e-01,2.010889957273112039e+00,-2.204998168053861896e-01
9.953488372093023395e-01,2.926081202904583289e+00,3.500797678412936320e-01
9.958139534883720945e-01,1.040784871028501257e+00,6.042410596762692876e-01
9.958139534883720945e-01,2.012500923282730003e+00,-2.227774650975788695e-01
9.958139534883720945e-01,2.931109487165818539e+00,3.528810889719124488e-01
9.962790697674418494e-01,1.035602705496118991e+00,6.127553767498739035e-01
9.962790697674418494e-01,2.014059812413770967e+00,-2.250567305850381394e-01
9.962790697674418494e-01,2.936138662485812123e+00,3.557008007248895765e-01
9.967441860465116044e-01,1.030469095966279225e+00,6.212570546892948187e-01
9.967441860465116044e-01,2.015568267485045695e+00,-2.273378093775590691e-01
9.967441860465116044e-01,2.941168402251009617e+00,3.585384984461369995e-01
9.972093023255813593e-01,1.025382784316483331e+00,6.297467027849279475e-01
9.972093023255813593e-01,2.017027863798609211e+00,-2.296208776897401271e-01
9.972093023255813593e-01,2.946198391116327198e+00,3.613937852975367959e-01
9.976744186046511143e-01,1.020342565335996543e+00,6.382249065239875563e-01
9.976744186046511143e-01,2.018440112758883132e+00,-2.319060925515259164e-01
9.976744186046511143e-01,2.951228324717273921e+00,3.642662736780266086e-01
9.981395348837209802e-01,1.015347283649380650e+00,6.466922268799635276e-01
9.981395348837209802e-01,2.019806465239771587e+00,-2.341935957161922210e-01
9.981395348837209802e-01,2.956257909382727700e+00,3.671555813156145986e-01
9.986046511627907352e-01,1.010395830858631605e+00,6.551492020889781998e-01
9.986046511627907352e-01,2.021128314721984953e+00,-2.364835157919742137e-01
9.986046511627907352e-01,2.961286861854009356e+00,3.700613341095503883e-01
9.990697674418604901e-01,1.005487142900338027e+00,6.635963483603291024e-01
9.990697674418604901e-01,2.022407000220976858e+00,-2.387759618471818335e-01
9.990697674418604901e-01,2.966314908999386546e+00,3.729831647092395897e-01
9.995348837209302451e-01,1.000620197587470228e+00,6.720341652055594750e-01
9.995348837209302451e-01,2.023643809021300477e+00,-2.410710347788835584e-01
9.995348837209302451e-01,2.971341787537552293e+00,3.759207132247865402e-01
1.000000000000000000e+00,9.957940123271299404e-01,6.804631290435735336e-01
1.000000000000000000e+00,2.024839979236074505e+00,-2.433688219838358868e-01
1.000000000000000000e+00,2.976367243761822934e+00,3.788736279375370386e-01
